{
  "files": {
    "2013_DKAB_Sorulari.txt": 1773921002.5308807,
    "2014_DKAB_Sorulari.txt": 1773922121.4394746,
    "2015_DKAB_Sorulari.txt": 1773924096.7527473,
    "2016_DKAB_Sorulari.txt": 1773924157.5136461,
    "2017_DKAB_Sorulari.txt": 1773924318.2904716,
    "2018_DKAB_Sorulari.txt": 1773924318.2929628,
    "2019_DKAB_Sorulari.txt": 1773927237.8930202,
    "2019_IHL_Sorulari.txt": 1773925522.0558372,
    "2020_DKAB_Sorulari.txt": 1773925412.4160633,
    "2020_IHL_Sorulari.txt": 1773925522.0590007,
    "2021_DKAB_Sorulari.txt": 1773925412.4206345,
    "2022_DKAB_Sorulari.txt": 1773925412.4234605,
    "2023_DKAB_Sorulari.txt": 1773925412.4249675,
    "2024_DKAB_Sorulari.txt": 1773925412.4342666,
    "2025_DKAB_Sorulari.txt": 1773925412.4380505
  },
  "last_run": "2026-03-19 16:44:13"
}