{
  "files": {
    "2013_DKAB_Sorulari.txt": 1773921002.5308807,
    "2014_DHBT_Lisans_Sorulari.txt": 1774096384.391849,
    "2014_DHBT_Onlisans_Sorulari.txt": 1774096384.4379637,
    "2014_DHBT_Ortak_Sorulari.txt": 1774096255.948311,
    "2014_DHBT_Ortaogretim_Sorulari.txt": 1774096384.4379637,
    "2014_DKAB_Sorulari.txt": 1773922121.4394746,
    "2015_DKAB_Sorulari.txt": 1773924096.7527473,
    "2016_DHBT_Lisans_Sorulari.txt": 1774096384.4442458,
    "2016_DHBT_Onlisans_Sorulari.txt": 1774096384.4472399,
    "2016_DHBT_Ortak_Sorulari.txt": 1774096255.9508393,
    "2016_DHBT_Ortaogretim_Sorulari.txt": 1774096384.4497783,
    "2016_DKAB_Sorulari.txt": 1773924157.5136461,
    "2017_DKAB_Sorulari.txt": 1773924318.2904716,
    "2018_DHBT_Lisans_Sorulari.txt": 1774096384.4524062,
    "2018_DHBT_Onlisans_Sorulari.txt": 1774096384.453925,
    "2018_DHBT_Ortak_Sorulari.txt": 1774096255.9555545,
    "2018_DHBT_Ortaogretim_Sorulari.txt": 1774096384.4575057,
    "2018_DKAB_Sorulari.txt": 1773924318.2929628,
    "2019_DKAB_Sorulari.txt": 1773927237.8930202,
    "2019_IHL_Sorulari.txt": 1773931012.3910556,
    "2020_DHBT_Lisans_Sorulari.txt": 1774099698.0986416,
    "2020_DHBT_Onlisans_Sorulari.txt": 1774099754.5365953,
    "2020_DHBT_Ortak_Sorulari.txt": 1774099576.0229602,
    "2020_DHBT_Ortaogretim_Sorulari.txt": 1774099639.1344473,
    "2020_DKAB_Sorulari.txt": 1774090454.5666306,
    "2020_IHL_Sorulari.txt": 1773930871.987978,
    "2021_DKAB_Sorulari.txt": 1773925412.4206345,
    "2021_IHL_Sorulari.txt": 1774090408.6766188,
    "2022_DHBT_Lisans_Sorulari.txt": 1774104940.5673213,
    "2022_DHBT_Onlisans_Sorulari.txt": 1774104994.8673666,
    "2022_DHBT_Ortak_Sorulari.txt": 1774104759.5941665,
    "2022_DHBT_Ortaogretim_Sorulari.txt": 1774104821.4977858,
    "2022_DKAB_Sorulari.txt": 1774090454.5666306,
    "2022_IHL_Sorulari.txt": 1774033188.043182,
    "2022_MBSTS_Sorulari.txt": 1774166101.0132942,
    "2023_DKAB_Sorulari.txt": 1773925412.4249675,
    "2023_IHL_Sorulari.txt": 1774090454.5718184,
    "2023_MBSTS_Sorulari.txt": 1774117404.1520386,
    "2024_DHBT_Lisans_Sorulari.txt": 1774108135.1417212,
    "2024_DHBT_Onlisans_Sorulari.txt": 1774108135.1437697,
    "2024_DHBT_Ortak_Sorulari.txt": 1774108135.1387072,
    "2024_DHBT_Ortaogretim_Sorulari.txt": 1774108135.1455166,
    "2024_DKAB_Sorulari.txt": 1773925412.4342666,
    "2024_MBSTS_Sorulari.txt": 1774111495.7322538,
    "2025_DKAB_Sorulari.txt": 1774090408.6819074,
    "2025_MBSTS_Sorulari.txt": 1774167530.8195796
  },
  "last_run": "2026-03-22 12:27:27"
}